구,법정동,행정동
강남구,개포동,개포1동
강남구,논현동,논현1동
강남구,대치동,대치1동
강남구,도곡동,도곡1동
강남구,삼성동,삼성1동
강남구,세곡동,세곡동
강남구,수서동,수서동
강남구,신사동,신사동
강남구,압구정동,압구정동
강남구,역삼동,역삼1동
강남구,일원동,일원본동
강남구,자곡동,세곡동
강남구,청담동,청담동
강동구,강일동,강일동
강동구,고덕동,고덕1동
강동구,길동,길동
강동구,둔촌동,둔촌1동
강동구,명일동,명일1동
강동구,상일동,상일제2동
강동구,성내동,성내1동
강동구,암사동,암사2동
강동구,천호동,천호1동
강북구,미아동,미아동
강북구,번동,번1동
강북구,수유동,수유1동
강북구,우이동,우이동
강서구,가양동,가양1동
강서구,공항동,공항동
강서구,내발산동,우장산동
강서구,등촌동,등촌1동
강서구,마곡동,마곡동
강서구,방화동,방화1동
강서구,염창동,염창동
강서구,화곡동,화곡본동
관악구,남현동,남현동
관악구,봉천동,낙성대동
관악구,신림동,신림동
광진구,광장동,광장동
광진구,구의동,구의1동
광진구,군자동,군자동
광진구,능동,능동
광진구,자양동,자양1동
광진구,중곡동,중곡1동
광진구,화양동,화양동
구로구,가리봉동,가리봉동
구로구,개봉동,개봉2동
구로구,고척동,고척1동
구로구,구로동,구로1동
구로구,신도림동,신도림동
구로구,오류동,오류1동
구로구,온수동,수궁동
구로구,천왕동,오류2동
구로구,항동,항동
금천구,가산동,가산동
금천구,독산동,독산1동
금천구,시흥동,시흥1동
노원구,공릉동,공릉2동
노원구,상계동,상계1동
노원구,월계동,월계1동
노원구,중계동,중계본동
노원구,하계동,하계1동
도봉구,도봉동,도봉1동
도봉구,방학동,방학1동
도봉구,쌍문동,쌍문1동
도봉구,창동,창1동
동대문구,답십리동,답십리2동
동대문구,용두동,용신동
동대문구,이문동,이문1동
동대문구,장안동,장안1동
동대문구,전농동,전농1동
동대문구,제기동,제기동
동대문구,청량리동,청량리동
동대문구,회기동,회기동
동대문구,휘경동,휘경1동
동작구,노량진동,노량진2동
동작구,대방동,대방동
동작구,동작동,사당2동
동작구,본동,노량진1동
동작구,사당동,사당1동
동작구,상도1동,상도1동
동작구,상도동,상도1동
동작구,신대방동,신대방1동
동작구,흑석동,흑석동
마포구,공덕동,공덕동
마포구,노고산동,대흥동
마포구,대흥동,대흥동
마포구,도화동,도화동
마포구,마포동,도화동
마포구,망원동,망원1동
마포구,상수동,서강동
마포구,상암동,상암동
마포구,서교동,서교동
마포구,성산동,성산1동
마포구,신공덕동,공덕동
마포구,신수동,신수동
마포구,신정동,신수동
마포구,아현동,아현동
마포구,연남동,연남동
마포구,염리동,염리동
마포구,용강동,용강동
마포구,중동,성산2동
마포구,창전동,서강동
마포구,토정동,용강동
마포구,합정동,합정동
마포구,현석동,신수동
서대문구,남가좌동,남가좌1동
서대문구,냉천동,천연동
서대문구,대현동,신촌동
서대문구,북가좌동,북가좌1동
서대문구,북아현동,북아현동
서대문구,연희동,연희동
서대문구,영천동,천연동
서대문구,창천동,신촌동
서대문구,천연동,천연동
서대문구,충정로3가,충현동
서대문구,현저동,충현동
서대문구,홍은동,홍은1동
서대문구,홍제동,홍제1동
서초구,내곡동,내곡동
서초구,반포동,반포본동
서초구,방배동,방배본동
서초구,서초동,서초1동
서초구,신원동,양재2동
서초구,양재동,양재1동
서초구,우면동,양재1동
서초구,잠원동,잠원동
성동구,금호동1가,금호1가동
성동구,금호동2가,금호1가동
성동구,금호동3가,금호1가동
성동구,금호동4가,금호4가동
성동구,마장동,마장동
성동구,사근동,사근동
성동구,상왕십리동,왕십리도선동
성동구,성수동1가,성수1가1동
성동구,성수동2가,성수2가1동
성동구,송정동,송정동
성동구,옥수동,옥수동
성동구,용답동,용답동
성동구,응봉동,응봉동
성동구,하왕십리동,왕십리2동
성동구,행당동,행당1동
성북구,길음동,길음1동
성북구,돈암동,돈암1동
성북구,동소문동7가,동선동
성북구,보문동1가,보문동
성북구,보문동2가,보문동
성북구,보문동3가,보문동
성북구,보문동4가,보문동
성북구,보문동6가,보문동
성북구,보문동7가,보문동
성북구,삼선동2가,삼선동
성북구,삼선동3가,삼선동
성북구,삼선동4가,삼선동
성북구,삼선동5가,삼선동
성북구,상월곡동,월곡2동
성북구,석관동,석관동
성북구,성북동,성북동
성북구,성북동1가,성북동
성북구,안암동1가,안암동
성북구,안암동3가,안암동
성북구,안암동4가,안암동
성북구,안암동5가,안암동
성북구,장위동,장위1동
성북구,정릉동,정릉1동
성북구,종암동,종암동
성북구,하월곡동,월곡2동
송파구,가락동,가락본동
송파구,거여동,거여1동
송파구,마천동,마천1동
송파구,문정동,문정1동
송파구,방이동,방이1동
송파구,삼전동,삼전동
송파구,석촌동,석촌동
송파구,송파동,송파1동
송파구,신천동,잠실6동
송파구,오금동,오금동
송파구,잠실동,잠실본동
송파구,장지동,장지동
송파구,풍납동,풍납1동
양천구,목동,목1동
양천구,신월동,신월1동
양천구,신정동,신정1동
영등포구,당산동,당산1동
영등포구,당산동1가,당산1동
영등포구,당산동2가,당산1동
영등포구,당산동3가,당산1동
영등포구,당산동4가,당산1동
영등포구,당산동5가,당산1동
영등포구,당산동6가,당산1동
영등포구,대림동,대림1동
영등포구,도림동,도림동
영등포구,문래동2가,문래동
영등포구,문래동3가,문래동
영등포구,문래동4가,문래동
영등포구,문래동5가,문래동
영등포구,문래동6가,문래동
영등포구,신길동,신길1동
영등포구,양평동1가,양평1동
영등포구,양평동2가,양평1동
영등포구,양평동3가,양평1동
영등포구,양평동4가,양평1동
영등포구,양평동5가,양평1동
영등포구,양평동6가,양평1동
영등포구,여의도동,여의동
영등포구,영등포동,영등포동
영등포구,영등포동1가,영등포본동
영등포구,영등포동2가,영등포본동
영등포구,영등포동3가,영등포본동
영등포구,영등포동4가,영등포본동
영등포구,영등포동5가,영등포본동
영등포구,영등포동7가,영등포본동
영등포구,영등포동8가,영등포본동
용산구,도원동,용문동
용산구,문배동,원효로1동
용산구,보광동,보광동
용산구,산천동,원효로2동
용산구,서빙고동,서빙고동
용산구,신계동,원효로1동
용산구,용문동,용문동
용산구,용산동2가,용산2가동
용산구,용산동5가,용산2가동
용산구,원효로1가,원효로1동
용산구,원효로4가,원효로2동
용산구,이촌동,이촌1동
용산구,이태원동,이태원1동
용산구,청파동1가,청파동
용산구,청파동3가,청파동
용산구,한강로1가,한강로동
용산구,한강로2가,한강로동
용산구,한강로3가,한강로동
용산구,한남동,한남동
용산구,효창동,효창동
용산구,후암동,후암동
은평구,갈현동,갈현1동
은평구,구산동,구산동
은평구,녹번동,녹번동
은평구,대조동,대조동
은평구,불광동,불광1동
은평구,수색동,수색동
은평구,신사동,신사1동
은평구,역촌동,역촌동
은평구,응암동,응암1동
은평구,증산동,증산동
은평구,진관동,진관동
종로구,동숭동,숭인1동
종로구,무악동,무악동
종로구,부암동,부암동
종로구,사직동,사직동
종로구,숭인동,숭인1동
종로구,이화동,이화동
종로구,창신동,창신1동
종로구,청운동,청운효자동
종로구,평동,평창동
종로구,평창동,평창동
종로구,혜화동,혜화동
종로구,홍파동,교남동
중구,만리동2가,중림동
중구,순화동,소공동
중구,신당동,신당동
중구,장충동1가,장충동
중구,장충동2가,장충동
중구,중림동,중림동
중구,충무로5가,필동
중구,필동1가,필동
중구,필동3가,필동
중구,황학동,황학동
중구,회현동1가,회현동
중구,회현동2가,회현동
중구,흥인동,신당동
중랑구,망우동,망우3동
중랑구,면목동,면목2동
중랑구,묵동,묵1동
중랑구,상봉동,상봉1동
중랑구,신내동,신내1동
중랑구,중화동,중화1동
