STATION_CD,STATION_NM,STATION_NM_ENG,LINE_NUM,FR_CODE,STATION_NM_CHN,STATION_NM_JPN
1729,당정,Dangjeong,01호선,P151,堂井,タンジョン
1906,의정부,Uijeongbu,01호선,110,议政府,ウィジョンブ
1907,가능,Ganeung,01호선,109,佳陵,カヌン
1909,양주,Yangju,01호선,107,杨州,ヤンジュ
1910,덕계,Deokgye,01호선,106,德溪,トッケ
1912,지행,Jihaeng,01호선,104,纸杏,チヘン
1915,동두천,Dongducheon,01호선,101,东豆川,トンドゥチョン
1916,소요산,Soyosan,01호선,100,逍遥山,ソヨサン
1917,청산,Cheongsan,01호선,100-1,青山,チョンサン
1918,전곡,Jeongok,01호선,100-2,全谷,チョンゴク
1913,동두천중앙,Dongducheon  jungang,01호선,103,东豆川中央,トンドゥチョン・チュンアン
1002,남영,Namyeong,01호선,134,南营,ナミョン
1919,연천,Yeoncheon,01호선,100-3,涟川,ヨンチョン
1911,덕정,Deokjeong,01호선,105,德亭,トクチョン
1813,구일,Guil,01호선,142,九一,クイル
1914,보산,Bosan,01호선,102,保山,ポサン
1908,녹양,Nogyang,01호선,108,绿杨,ノギャン
1805,송내,Songnae,01호선,150,松内,ソンネ
1717,세마,Sema,01호선,P158,洗马,セマ
1903,도봉산,Dobongsan,01호선,113,道峰山,トボンサン
1032,신길,Singil,01호선,138,新吉,シンギル
1709,군포,Gunpo,01호선,P150,军浦,クンポ
1707,명학,Myeonghak,01호선,P148,鸣鹤,ミョンハク
1814,소사,Sosa,01호선,147,素砂,ソサ
1809,주안,Juan,01호선,156,朱安,チュアン
0154,종로5가,Jongno 5(o)-ga,01호선,129,钟路五街,チョンノオガ
1719,오산,Osan,01호선,P160,乌山,オサン
1708,금정,Geumjeong,01호선,P149,衿井,クムジョン
0153,종로3가,Jongno 3(sam)-ga,01호선,130,钟路三街,チョンノサムガ
0152,종각,Jonggak,01호선,131,钟阁,チョンガク
1016,외대앞,Hankuk Univ. of Foreign Studies,01호선,122,韩国外国语大学,ウェデアプ
1401,봉명,Bongmyeong,01호선,P170,凤鸣,ポンミョン
1402,쌍용,Ssangyong,01호선,P171,双龙,サンヨン
1403,아산,Asan,01호선,P172,牙山,アサン
1404,탕정,Tangjeong,01호선,P173,汤井,タンジョン
1405,배방,Baebang,01호선,P174,排芳,ペバン
1407,온양온천,Onyang oncheon,01호선,P176,温阳温泉,オニャンオンチョン
1408,신창,Sinchang,01호선,P177,新昌,シンチャン
0151,시청,City Hall,01호선,132,市厅,シチョン
0150,서울역,Seoul Station,01호선,133,首尔,ソウル
0159,동묘앞,Dongmyo,01호선,127,东庙,トンミョアプ
0158,청량리,Cheongnyangni,01호선,124,清凉里,チョンニャンニ
1701,구로,Guro,01호선,141,九老,クロ
1702,가산디지털단지,Gasan Digital Complex,01호선,P142,加山数码园区,カサン・デジタルダンジ
1703,금천구청,Geumcheon-Gu Office,01호선,P144,衿川区厅,クムチョングチョン
1704,석수,Seoksu,01호선,P145,石水,ソッス
1705,관악,Gwanak,01호선,P146,冠岳,クァナク
1706,안양,Anyang,01호선,P147,安养,アニヤン
1710,의왕,Uiwang,01호선,P152,儀王,ウィワン
1711,성균관대,Sungkyunkwan  Univ.,01호선,P153,成均馆大学,ソンギュングァンデ
1712,화서,Hwaseo,01호선,P154,华西,ファソ
0157,제기동,Jegi-dong,01호선,125,祭基洞,チェギドン
0156,신설동,Sinseol-dong,01호선,126,新设洞,シンソルトン
1713,수원,Suwon,01호선,P155,水原,スウォン
1714,독산,Doksan,01호선,P143,秃山,トッサン
1715,세류,Seryu,01호선,P156,细柳,セリュ
1716,병점,Byeongjeom,01호선,P157,饼店,ピョンチョム
1718,오산대,Osan College,01호선,P159,乌山大学,オサンデ
1720,진위,Jinwi,01호선,P161,振威,チヌィ
1721,송탄,Songtan,01호선,P162,松炭,ソンタン
1722,서정리,Seojeong-ri,01호선,P163,西井里,ソジョンニ
1723,평택지제,PyeongtaekJije,01호선,P164,平泽芝制,ピョンテクチジェ
1724,평택,Pyeongtaek,01호선,P165,平泽,ピョンテク
1725,성환,Seonghwan,01호선,P166,成欢,ソンファン
1726,직산,Jiksan,01호선,P167,稷山,チッサン
1727,두정,Dujeong,01호선,P168,斗井,トゥジョン
1728,천안,Cheonan,01호선,P169,天安,チョナン
1749,서동탄,Seodongtan,01호선,P157-1,西东滩,ソドンタン
1750,광명,Gwangmyeong,01호선,P144-1,光明,クァンミョン
1022,창동,Chang-dong,01호선,116,仓洞,チャンドン
1006,영등포,Yeongdeungpo,01호선,139,永登浦,ヨンドゥンポ
1003,용산,Yongsan,01호선,135,龙山,ヨンサン
1018,석계,Seokgye,01호선,120,石溪,ソッケ
1015,회기,Hoegi,01호선,123,回基,フェギ
1017,신이문,Sinimun,01호선,121,新里门,シニムン
0155,동대문,Dongdaemun,01호선,128,东大门,トンデムン
1004,노량진,Noryangjin,01호선,136,鹭梁津,ノリャンジン
1801,개봉,Gaebong,01호선,143,开峰,ケボン
1802,오류동,Oryu-dong,01호선,144,梧柳洞,オリュドン
1803,역곡,Yeokgok,01호선,146,驿谷,ヨッコク
1804,부천,Bucheon,01호선,148,富川,プチョン
1806,부평,Bupyeong,01호선,152,富平,プピョン
1807,백운,Baegun,01호선,153,白云,ペグン
1808,동암,Dongam,01호선,154,铜岩,トンアム
1810,제물포,Jemulpo,01호선,158,济物浦,チェムルポ
1811,동인천,Dongincheon,01호선,160,东仁川,トンインチョン
1812,인천,Incheon,01호선,161,仁川,インチョン
1815,부개,Bugae,01호선,151,富开,プゲ
1816,간석,Ganseok,01호선,155,间石,カンソク
1817,도원,Dowon,01호선,159,桃源,トウォン
1821,온수,Onsu,01호선,145,温水,オンス
1822,중동,Jung-dong,01호선,149,中洞,チュンドン
1823,도화,Dohwa,01호선,157,道禾,トファ
1020,월계,Wolgye,01호선,118,月溪,ウォルゲ
1019,광운대,Kwangwoon Univ.,01호선,119,光云大,光云大
1007,신도림,Sindorim,01호선,140,新道林,シンドリム
1005,대방,Daebang,01호선,137,大方,テバン
1021,녹천,Nokcheon,01호선,117,鹿川,ノクチョン
1901,방학,Banghak,01호선,115,放鹤,パンハク
1902,도봉,Dobong,01호선,114,道峰,トボン
1904,망월사,Mangwolsa,01호선,112,望月寺,マンウォルサ
1905,회룡,Hoeryong,01호선,111,回龙,フェリョン
0212,건대입구,Konkuk Univ.,02호선,212,建国大学,コンデイック
0230,신림,Sillim,02호선,230,新林,シンリム
0218,종합운동장,Sports Complex,02호선,218,综合运动场,チョンハブンドンジャン
0210,뚝섬,Ttukseom,02호선,210,纛岛,トゥッソム
0226,사당,Sadang,02호선,226,舍堂,サダン
0232,구로디지털단지,Guro Digital Complex,02호선,232,九老数码园区,クロ・デジタルダンジ
0202,을지로입구,Euljiro 1(il)-ga,02호선,202,乙支路入口,ウルチロイック
0203,을지로3가,Euljiro 3(sam)-ga,02호선,203,乙支路三街,ウルチロサムガ
0227,낙성대,Nakseongdae,02호선,227,落星垈,ナクソンデ
0242,아현,Ahyeon,02호선,242,阿岘,アヒョン
0206,신당,Sindang,02호선,206,新堂,シンダン
0236,영등포구청,Yeongdeungpo-gu Office,02호선,236,永登浦区厅,ヨンドゥンポグチョン
0244,용답,Yongdap,02호선,211-1,龙踏,ヨンダプ
0201,시청,City Hall,02호선,201,市廳,シチョン
0245,신답,Sindap,02호선,211-2,新踏,シンダプ
0239,홍대입구,Hongik Univ.,02호선,239,弘益大学,ホンデイック
0233,대림,Daerim,02호선,233,大林(九老区厅),テリム
0229,봉천,Bongcheon,02호선,229,奉天,ポンチョン
0228,서울대입구,Seoul Nat`l Univ.,02호선,228,首尔大学(冠岳区厅),ソウルデイック
0235,문래,Mullae,02호선,235,文來,ムンレ
0220,선릉,Seolleung,02호선,220,宣陵,ソンルン
0224,서초,Seocho,02호선,224,瑞草,ソチョ
0223,교대,Seoul Nat`l Univ. of Education,02호선,223,首尔教育大学,キョデ
0222,강남,Gangnam,02호선,222,江南,カンナム
0221,역삼,Yeoksam,02호선,221,驿三,ヨッサム
0234,신도림,Sindorim,02호선,234,新道林,シンドリム
0240,신촌,Sinchon,02호선,240,新村,シンチョン(新村)
0217,잠실새내,Jamsilsaenae,02호선,217,蚕室新川,チャムシルセネ
0216,잠실,Jamsil,02호선,216,蚕室(松坡区厅),チャムシル
0219,삼성,Samseong,02호선,219,三成(会展中心),サムソン(三成)
0211,성수,Seongsu,02호선,211,圣水,ソンス
0243,충정로,Chungjeongno,02호선,243,忠正路(京畿大学),チュンジョンノ
0213,구의,Guui,02호선,213,九宜,クイ
0248,양천구청,Yangcheon-gu Office,02호선,234-2,阳川区厅,ヤンチョングチョン
0200,까치산,Kkachisan,02호선,234-4,喜鹊山,カチサン
0237,당산,Dangsan,02호선,237,堂山,タンサン
0231,신대방,Sindaebang,02호선,231,新大方,シンデバン
0205,동대문역사문화공원,Dongdaemun History  Culture Park,02호선,205,东大门历史文化公园(DDP),トンデムンヨクサムンファゴンウォン(DDP)
0238,합정,Hapjeong,02호선,238,合井,ハプチョン
0249,신정네거리,Sinjeongnegeori,02호선,234-3,新亭十字路口,シンジョンネゴリ
0215,잠실나루,Jamsillaru,02호선,215,蚕室渡口,チャムシルナル
0214,강변,Gangbyeon,02호선,214,江边(东首尔客运站),カンビョン
0209,한양대,Hanyang Univ.,02호선,209,汉阳大学,ハニャンデ
0208,왕십리,Wangsimni,02호선,208,往十里,ワンシムニ
0207,상왕십리,Sangwangsimni,02호선,207,上往十里,サンワンシムニ
0241,이대,Ewha Womans Univ.,02호선,241,梨花女子大学,イデ
0225,방배,Bangbae,02호선,225,方背,パンベ
0204,을지로4가,Euljiro 4(sa)-ga,02호선,204,乙支路四街,ウルチロサガ
0250,용두,Yongdu,02호선,211-3,龙头(东大门区厅),ヨンドゥ
0247,도림천,Dorimcheon,02호선,234-1,道林川,トリムチョン
0246,신설동,Sinseol-dong,02호선,211-4,新設洞,シンソルトン
0313,녹번,Nokbeon,03호선,323,碌磻,ノッポン
0337,대청,Daecheong,03호선,347,大厅,テチョン
0310,구파발,Gupabal,03호선,320,旧把拨,クパバル
0325,옥수,Oksu,03호선,335,玉水,オクス
0338,일원,Irwon,03호선,348,逸院,イルォン
0335,대치,Daechi,03호선,345,大峙,テチ
0326,압구정,Apgujeong,03호선,336,狎鸥亭,アックジョン
0309,지축,Jichuk,03호선,319,纸杻,チチュク
0334,도곡,Dogok,03호선,344,道谷,トゴク
0341,경찰병원,National Police Hospital,03호선,351,警察医院,キョンチャル・ピョンウォン
0323,약수,Yaksu,03호선,333,药水,ヤクス
0314,홍제,Hongje,03호선,324,弘济,ホンジェ
0320,을지로3가,Euljiro 3(sam)-ga,03호선,330,乙支路三街,ウルチロサムガ
0340,가락시장,Garak Market,03호선,350,可乐市场,カラク・シジャン
0336,학여울,Hangnyeoul,03호선,346,鹤滩,ハンニョウル
0327,신사,Sinsa,03호선,337,新沙,シンサ
0330,교대,Seoul Nat`l Univ. of Education,03호선,340,首尔教育大学,キョデ 
0311,연신내,Yeonsinnae,03호선,321,延新川,ヨンシンネ
0312,불광,Bulgwang,03호선,322,佛光,プルグァン
0342,오금,Ogeum,03호선,352,梧琴,オグム
0317,경복궁,Gyeongbokgung,03호선,327,景福宫(政府首尔厅舍),キョンボックン
0328,잠원,Jamwon,03호선,338,蚕院,チャムォン
0316,독립문,Dongnimmun,03호선,326,独立门,トンニンムン
0339,수서,Suseo,03호선,349,水西,スソ
1950,삼송,Samsong,03호선,318,三松,三松
1951,원당,Wondang,03호선,316,元堂,元堂
1953,대곡,Daegok,03호선,314,大谷,大谷
0333,매봉,Maebong,03호선,343,梅峰,メボン
0324,금호,Geumho,03호선,334,金湖,クムホ
0322,동대입구,Dongguk Univ.,03호선,332,东国大学,トンデイック
0332,양재,Yangjae,03호선,342,良才(瑞草区厅),ヤンジェ
0321,충무로,Chungmuro,03호선,331,忠武路,チュンムロ
1955,마두,Madu,03호선,312,馬頭,馬頭
1956,정발산,Jeongbalsan,03호선,311,鼎鉢山,鼎鉢山
1957,주엽,Juyeop,03호선,310,注葉,注葉
1958,대화,Daehwa,03호선,309,大化,大化
1954,백석,Baekseok,03호선,313,白石,白石
0318,안국,Anguk,03호선,328,安国,アングク
0331,남부터미널,Nambu Bus Terminal,03호선,341,南部客运站,ナンブターミナル
0329,고속터미널,Express Bus Terminal,03호선,339,高速巴士客运站,コソクターミナル
1952,화정,Hwajeong,03호선,315,花井,花井
1948,원흥,Wonheung,03호선,317,元興,ウォンフン
0319,종로3가,Jongno 3(sam)-ga,03호선,329,钟路三街,チョンノサムガ
0315,무악재,Muakjae,03호선,325,毋岳岭,ムアクチェ
0416,미아사거리,Miasageori,04호선,416,弥阿十字路口,ミアサゴリ
0420,혜화,Hyehwa,04호선,420,惠化,ヘファ
0432,총신대입구,Chongshin Univ.,04호선,432,总神大学,チョンシンデイック
1455,인덕원,Indeogwon,04호선,440,仁德院,インドグォン
1761,정왕,Jeongwang,04호선,455,正往,チョンワン
1453,과천,Gwacheon,04호선,438,果川,クァチョン
1753,반월,Banwol,04호선,447,半月,パヌォル
1454,정부과천청사,Government Complex Gwacheon,04호선,439,政府果川厅舍,チョンブ・クァチョンチョンサ
0434,남태령,Namtaeryeong,04호선,434,南泰岭,ナムテリョン
1450,선바위,Seonbawi,04호선,435,立岩,ソンバウィ
1451,경마공원,Seoul Racecourse Park,04호선,436,赛马公园,キョンマゴンウォン
1452,대공원,Seoul Grand Park,04호선,437,首尔大公园,テゴンウォン
1456,평촌,Pyeongchon,04호선,441,坪村,ピョンチョン
1457,범계,Beomgye,04호선,442,凡溪,ポムゲ
1458,금정,Geumjeong,04호선,443,衿井,クムジョン
1751,산본,Sanbon,04호선,444,山本,サンボン
1752,대야미,Daeyami,04호선,446,大夜味,テヤミ
1754,상록수,Sangnoksu,04호선,448,常绿树,サンロッス
1755,한대앞,Hanyang Univ. at Ansan,04호선,449,汉阳大学,ハンデアプ
1756,중앙,Jungang,04호선,450,中央,チュンアン
1757,고잔,Gojan,04호선,451,古栈,コジャン
1758,초지,Choji,04호선,452,草芝,チョジ
1759,안산,Ansan,04호선,453,安山,アンサン
1760,신길온천,Neunggil,04호선,454,新吉温泉,シンギル・オンチョン
1762,오이도,Oido,04호선,456,乌耳岛,オイド
0414,수유,Suyu,04호선,414,水逾(江北区厅),スユ
0433,사당,Sadang,04호선,433,舍堂,サダン
1763,수리산,Surisan,04호선,445,修理山,スリサン
0408,별내별가람,Byeollae Byeolgaram,04호선,408,別內星江,ピョルネビョルガラム
0419,한성대입구,Hansung Univ.,04호선,419,汉城大学,ハンソンデイック
0428,삼각지,Samgakji,04호선,428,三角地,サムガクチ
0413,쌍문,Ssangmun,04호선,413,双门,サンムン
0412,창동,Chang-dong,04호선,412,仓洞,チャンドン
0411,노원,Nowon,04호선,411,芦原,ノウォン
0410,상계,Sanggye,04호선,410,上溪,サンゲ
0418,성신여대입구,Sungshin Women`s Univ.,04호선,418,诚信女子大学(敦岩),ソンシンヨデイック
0406,오남,Onam,04호선,406,梧 南,オナム
0409,불암산,Buramsan,04호선,409,佛岩山,プラムサン
0421,동대문,Dongdaemun,04호선,421,东大门,トンデムン
0405,진접,Jinjeop,04호선,405,榛接,チンジョプ
0415,미아,Mia,04호선,415,弥阿(首尔网络大学),ミア
0425,회현,Hoehyeon,04호선,425,会贤(南大门市场),フェヒョン
0422,동대문역사문화공원,Dongdaemun History  Culture Park,04호선,422,东大门历史文化公园,トンデムンヨクサムンファゴンウォン
0429,신용산,Sinyongsan,04호선,429,新龙山,シニョンサン
0430,이촌,Ichon,04호선,430,二村,イチョン
0431,동작,Dongjak,04호선,431,铜雀(显忠院),トンジャク
0417,길음,Gireum,04호선,417,吉音,キルム
0426,서울역,Seoul Station,04호선,426,首尔站,ソウルヨク
0427,숙대입구,Sookmyung Women`s Univ.,04호선,427,淑明女子大学(葛月),スクテイック
0424,명동,Myeong-dong,04호선,424,明洞,ミョンドン
0423,충무로,Chungmuro,04호선,423,忠武路,チュンムロ
2529,마포,Mapo,05호선,528,麻浦,マポ
2530,공덕,Gongdeok,05호선,529,孔德,コンドク
2521,목동,Mok-dong,05호선,520,木洞,モクトン
2519,까치산,Kkachisan,05호선,518,喜鹊山,カチサン
2518,화곡,Hwagok,05호선,517,禾谷,ファゴク
2517,우장산,Ujangsan,05호선,516,雨装山,ウジャンサン
2516,발산,Balsan,05호선,515,钵山,パルサン
2527,여의도,Yeouido,05호선,526,汝矣岛,ヨイド
2537,동대문역사문화공원,Dongdaemun History  Culture Park,05호선,536,东大门历史文化公园,トンデムンヨクサムンファゴンウォン
2522,오목교,Omokgyo,05호선,521,梧木桥,オモッキョ
2543,답십리,Dapsimni,05호선,542,踏十里,タプシムニ
2549,강동,Gangdong,05호선,548,江东,カンドン
2559,개롱,Gaerong,05호선,P553,开笼,ケロン
2515,마곡,Magok,05호선,514,麻谷,マゴク
2531,애오개,Aeogae,05호선,530,儿岭,エオゲ
2532,충정로,Chungjeongno,05호선,531,忠正路,チュンジョンノ
2533,서대문,Seodaemun,05호선,532,西大门,ソデムン
2534,광화문,Gwanghwamun,05호선,533,光化门,クァンファムン
2535,종로3가,Jongno 3(sam)-ga,05호선,534,钟路三街,チョンノサムガ
2536,을지로4가,Euljiro 4(sa)-ga,05호선,535,乙支路四街,ウルチロサガ
2538,청구,Cheonggu,05호선,537,青丘,チョング
2539,신금호,Singeumho,05호선,538,新金湖,シングムホ
2540,행당,Haengdang,05호선,539,杏堂,ヘンダン
2541,왕십리,Wangsimni,05호선,540,往十里,ワンシムニ
2542,마장,Majang,05호선,541,马场,マジャン
2544,장한평,Janghanpyeong,05호선,543,长汉坪,チャンハンピョン
2545,군자,Gunja,05호선,544,君子,クンジャ
2546,아차산,Achasan,05호선,545,峨嵯山,アチャサン
2547,광나루,Gwangnaru,05호선,546,广渡口,クァンナル
2548,천호,Cheonho,05호선,547,千戶,チョンホ
2550,길동,Gil-dong,05호선,549,吉洞,キルトン
2551,굽은다리,Gubeundari,05호선,550,曲桥,クブンダリ
2552,명일,Myeongil,05호선,551,明逸,ミョンイル
2553,고덕,Godeok,05호선,552,高德,コドク
2554,상일동,Sangil-dong,05호선,553,上一洞,サンイルトン
2514,송정,Songjeong,05호선,513,松亭,ソンジョン
2513,김포공항,Gimpo Intl. Airport,05호선,512,金浦机场,キンポゴンハン
2512,개화산,Gaehwasan,05호선,511,开花山,ケファサン
2511,방화,Banghwa,05호선,510,傍花,パンファ
2520,신정,Sinjeong,05호선,519,新亭,シンジョン
2555,둔촌동,Dunchon-dong,05호선,P549,遁村洞,トゥンチョンドン
2556,올림픽공원,Olympic Park,05호선,P550,奥林匹克公园,オリンピックゴンウォン
2557,방이,Bangi,05호선,P551,芳荑,パンイ
2558,오금,Ogeum,05호선,P552,梧琴,オグム
2560,거여,Geoyeo,05호선,P554,巨余,コヨ
2561,마천,Macheon,05호선,P555,马川,マチョン
2562,강일,Gangil,05호선,554,江一,カンイル
2563,미사,Misa,05호선,555,渼沙,ミサ
2564,하남풍산,Hanam Pungsan,05호선,556,河南丰山,ハナンプンサン
2565,하남시청,Hanam City Hall,05호선,557,河南市厅,ハナムシチョン
2566,하남검단산,Hanam Geomdansan,05호선,558,河南黔丹山,ハナムゴムダンサン
2523,양평,Yangpyeong,05호선,522,杨坪,ヤンピョン
2524,영등포구청,Yeongdeungpo-gu Office,05호선,523,永登浦区厅,ヨンドゥンポグチョン
2525,영등포시장,Yeongdeungpo Market,05호선,524,永登浦市场,ヨンドゥンポシジャン
2526,신길,Singil,05호선,525,新吉,シンギル
2528,여의나루,Yeouinaru,05호선,527,汝矣渡口,ヨイナル
2639,보문,Bomun,06호선,638,普门,ポムン
2611,응암,Eungam,06호선,610,鹰岩,ウンアム
2612,역촌,Yeokchon,06호선,611,驿村,ヨクチョン
2613,불광,Bulgwang,06호선,612,佛光,プルグァン
2614,독바위,Dokbawi,06호선,613,瓮岩,トッパウィ
2615,연신내,Yeonsinnae,06호선,614,延新川,ヨンシンネ
2617,새절,Saejeol,06호선,616,赛折,セジョル
2618,증산,Jeungsan,06호선,617,缯山,チュンサン
2619,디지털미디어시티,Digital Media City,06호선,618,数码媒体城,デジタルメディアシティ
2620,월드컵경기장,World Cup Stadium,06호선,619,世界杯体育场,ワールドカップ・キョンギジャン
2622,망원,Mangwon,06호선,621,望远,マンウォン
2623,합정,Hapjeong,06호선,622,合井,ハプチョン
2624,상수,Sangsu,06호선,623,上水,サンス
2625,광흥창,Gwangheungchang,06호선,624,广兴仓,クァンフンチャン
2627,공덕,Gongdeok,06호선,626,孔德,コンドク
2628,효창공원앞,Hyochang park,06호선,627,孝昌公园,ヒョチャンゴンウォンアプ
2629,삼각지,Samgakji,06호선,628,三角地,サムガクチ
2630,녹사평,Noksapyeong,06호선,629,绿莎坪,ノッサピョン
2631,이태원,Itaewon,06호선,630,梨泰院,イテウォン
2632,한강진,Hangangjin,06호선,631,汉江镇,ハンガンジン
2633,버티고개,Beotigogae,06호선,632,波堤岭,ポティゴゲ
2634,약수,Yaksu,06호선,633,药水,ヤッス
2635,청구,Cheonggu,06호선,634,青丘,チョング
2636,신당,Sindang,06호선,635,新堂,シンダン
2637,동묘앞,Dongmyo,06호선,636,东庙,トンミョアプ
2638,창신,Changsin,06호선,637,昌信,チャンシン
2640,안암,Anam,06호선,639,安岩,アナム
2641,고려대,Korea Univ.,06호선,640,高丽大学,コリョデ
2642,월곡,Wolgok,06호선,641,月谷,ウォルゴク
2643,상월곡,Sangwolgok,06호선,642,上月谷,サンウォルゴク
2644,돌곶이,Dolgoji,06호선,643,石串,トルゴジ
2645,석계,Seokgye,06호선,644,石溪,ソッケ
2646,태릉입구,Taereung,06호선,645,泰陵,テルンイック
2616,구산,Gusan,06호선,615,龟山,クサン
2621,마포구청,Mapo-gu Office,06호선,620,麻浦区厅,マポグチョン
2647,화랑대,Hwarangdae,06호선,646,花郞台,ファランデ
2649,신내,Sinnae,06호선,648,新內,シンネ
2626,대흥,Daeheung,06호선,625,大兴,テフン
2648,봉화산,Bonghwasan,06호선,647,烽火山,ポンファサン
3753,까치울,Kkachiul,07호선,751,喜鹊屋,カチウル
2741,상도,Sangdo,07호선,739,上道,サンド
2742,장승배기,Jangseungbaegi,07호선,740,长丞拜基,チャンスンベギ
2743,신대방삼거리,Sindaebang  samgeori,07호선,741,新大方丁字路口,シンデバンサムゴリ
2744,보라매,Boramae,07호선,742,波拉美,ポラメ
2745,신풍,Sinpung,07호선,743,新丰,シンプン
2746,대림,Daerim,07호선,744,大林,テリム
2747,남구로,Namguro,07호선,745,南九老,ナムグロ
2748,가산디지털단지,Gasan Digital Complex,07호선,746,加山数码园区,カサン・デジタルダンジ
2749,철산,Cheolsan,07호선,747,铁山,チョルサン
2750,광명사거리,Gwangmyeongsageori,07호선,748,光明十字路口,クァンミョンサゴリ
2752,온수,Onsu,07호선,750,温水,オンス
2737,내방,Naebang,07호선,735,內方,ネバン
2727,군자,Gunja,07호선,725,君子,クンジャ
2728,어린이대공원,Children`s  Grand Park,07호선,726,儿童大公园,オリニ・テゴンウォン
2739,남성,Namseong,07호선,737,南城,ナムソン
2751,천왕,Cheonwang,07호선,749,天旺,チョヌァン
3757,부천시청,Bucheon City Hall,07호선,755,富川市厅,プチョンシチョン
3756,신중동,Sinjung-dong,07호선,754,新中洞,シンジュンドン
3763,석남,Seongnam,07호선,761,石南,石南
3762,산곡,Sangok,07호선,760,山谷,サンゴク
3761,부평구청,Bupyeong-gu Office,07호선,759,富平区厅,プピョングチョン
3760,굴포천,Gulpocheon,07호선,758,掘浦川,クルポチョン
3755,춘의,Chunui,07호선,753,春衣,チュニ
3754,부천종합운동장,Bucheon Stadium,07호선,752,富川综合运动场,プチョンジョンハブンドンジャン
2711,장암,Jangam,07호선,709,长岩,チャンアム
2712,도봉산,Dobongsan,07호선,710,道峰山,トボンサン
2713,수락산,Suraksan,07호선,711,水落山,スラッサン
2714,마들,Madeul,07호선,712,马得,マドゥル
2715,노원,Nowon,07호선,713,芦原,ノウォン
2716,중계,Junggye,07호선,714,中溪,チュンゲ
2717,하계,Hagye,07호선,715,下溪,ハゲ
2718,공릉,Gongneung,07호선,716,孔陵,コンヌン
2719,태릉입구,Taereung,07호선,717,泰陵,テルンイック
2720,먹골,Meokgol,07호선,718,墨谷,モッコル
2721,중화,Junghwa,07호선,719,中和,チュンファ
2722,상봉,Sangbong,07호선,720,上凤(市外巴士客运站),サンボン  
2723,면목,Myeonmok,07호선,721,面牧,ミョンモク
2725,용마산,Yongmasan,07호선,723,龙马山,ヨンマサン
2726,중곡,Junggok,07호선,724,中谷,チュンゴク
2729,건대입구,Konkuk Univ.,07호선,727,建国大学,コンデイック
2730,자양,Jayang,07호선,728,紫阳,チャヤン
2732,강남구청,Gangnam-gu Office,07호선,730,江南区厅,カンナムグチョン
2733,학동,Hak-dong,07호선,731,鹤洞,ハクトン
2734,논현,Nonhyeon,07호선,732,论岘,ノンヒョン
3759,삼산체육관,Samsan Gymnasium,07호선,757,三山体育馆,サムサン・チェユックァン
3758,상동,Sang-dong,07호선,756,上洞,サンドン
2724,사가정,Sagajeong,07호선,722,四佳亭,サガジョン
2731,청담,Cheongdam,07호선,729,清潭,チョンダム
2735,반포,Banpo,07호선,733,盘浦,パンポ
2736,고속터미널,Express Bus Terminal,07호선,734,高速巴士客运站,コソクターミナル
2738,이수,Isu,07호선,736,梨水,イス
2740,숭실대입구,Soongsil Univ.,07호선,738,崇实大学(赛毗岭),スンシルデイック
2824,단대오거리,Dandaeogeori,08호선,824,丹垈五岔路口,タンデオゴリ
2822,산성,Sanseong,08호선,822,山城,サンソン
2811,암사,Amsa,08호선,810,岩寺,アムサ
2812,천호,Cheonho,08호선,811,千戶,チョンホ
2814,몽촌토성,Mongchontoseong,08호선,813,梦村土城,モンチョントソン
2823,남한산성입구,Namhansanseong,08호선,823,南汉山城,ナムハンサンソンイック
2813,강동구청,Gangdong-gu Office,08호선,812,江东区厅,カンドングチョン
2806,다산,Dasan,08호선,805,茶山,タサン
2826,수진,Sujin,08호선,826,寿进,スジン
2828,남위례,Namwirye,08호선,821,南慰礼,ナムィレ
2825,신흥,Sinheung,08호선,825,新兴,シンフン
2807,동구릉,Donggureung,08호선,806,东九陵,トングルン
2815,잠실,Jamsil,08호선,814,蚕室,チャムシル
2816,석촌,Seokchon,08호선,815,石村,ソクチョン
2817,송파,Songpa,08호선,816,松坡,ソンパ
2818,가락시장,Garak Market,08호선,817,可乐市场,カラク・シジャン
2819,문정,Munjeong,08호선,818,文井,ムンジョン
2820,장지,Jangji,08호선,819,长旨,チャンジ
2821,복정,Bokjeong,08호선,820,福井,ポクチョン
2805,별내,Byeollae,08호선,804,別內,ピョルネ
2808,구리,Guri,08호선,807,九里,クリ
2809,장자호수공원,Jangja Lake Park,08호선,808,长者湖水公园,チャンジャホスゴンウォン
2827,모란,Moran,08호선,827,牡丹,モラン
2810,암사역사공원,Amsa History Park,08호선,809,岩寺历史公园,アムサヨクサゴンウォン
4115,여의도,Yeouido,09호선,915,汝矣岛,ヨイド
4101,개화,Gaehwa,09호선,901,開化,ケファ
4102,김포공항,Gimpo Intl. Airport,09호선,902,金浦机场,キンポゴンハン
4103,공항시장,Airport Market,09호선,903,空港市场,コンハンシジャン
4104,신방화,Sinbanghwa,09호선,904,新傍花,シンバンファ
4105,마곡나루,Magongnaru,09호선,905,麻谷渡口,マゴンナル
4106,양천향교,Yangcheon Hyanggyo,09호선,906,阳川乡校,ヤンチョンヒャンギョ
4107,가양,Gayang,09호선,907,加阳,カヤン
4109,등촌,Deungchon,09호선,909,登村,トゥンチョン
4110,염창,Yeomchang,09호선,910,盐仓,ヨムチャン
4111,신목동,Sinmokdong,09호선,911,新木洞,シンモクトン
4114,국회의사당,National Assembly,09호선,914,国会议事堂,ククェウィサダン
4116,샛강,Saetgang,09호선,916,赛江,セッカン
4118,노들,Nodeul,09호선,918,鹭得,ノドゥル
4119,흑석,Heukseok,09호선,919,黑石,フッソク
4121,구반포,Gubanpo,09호선,921,旧盘浦,クバンポ
4122,신반포,Sinbanpo,09호선,922,新盘浦,シンバンポ
4123,고속터미널,Express Bus Terminal,09호선,923,高速巴士客运站,コソクターミナル
4124,사평,Sapyeong,09호선,924,砂平,サピョン
4127,선정릉,Seonjeongneung,09호선,927,宣靖陵,ソンジョンヌン
4130,종합운동장,Sports Complex,09호선,930,综合运动场,チョンハブンドンジャン
4131,삼전,Samjeon,09호선,931,三田,サムジョン
4132,석촌고분,Seokchon Gobun,09호선,932,石村古坟,ソクチョンコブン
4134,송파나루,Songpanaru,09호선,934,松坡渡口,ソンパナル
4135,한성백제,Hanseong Baekje,09호선,935,汉城百济,ハンソンベクチェ
4136,올림픽공원,Olympic Park,09호선,936,奥林匹克公园,オリンピックゴンウォン
4113,당산,Dangsan,09호선,913,堂山,タンサン
4125,신논현,Sinnonhyeon,09호선,925,新论岘,シンノンヒョン
4126,언주,Eonju,09호선,926,彦州,オンジュ
4129,봉은사,Bongeunsa,09호선,929,奉恩寺,ポンウンサ
4108,증미,Jeungmi,09호선,908,曾米,チュンミ
4112,선유도,Seonyudo,09호선,912,仙游岛,ソニュド
4133,석촌,Seokchon(Hansol Hospital),09호선,933,石村,ソクチョン
4137,둔촌오륜,Dunchon Oryun,09호선,937,遁村五轮,トゥンチョノリュン
4138,중앙보훈병원,VHS Medical Center,09호선,938,中央报勋医院,チュンアンボフンビョンウォン
4117,노량진,Noryangjin,09호선,917,鹭梁津,ノリャンジン
4120,동작,Dongjak,09호선,920,铜雀,トンジャク
4128,삼성중앙,Samseong Jungang,09호선,928,三成中央,サムソン・チュンアン
9000,운정중앙,Unjeongjungang,GTX-A,X101,雲井中央,ウンジョンジュンアン
0011,동탄,Dongtan,GTX-A,X111,東灘,
0010,구성,Guseong,GTX-A,X110,駒城,
0009,성남,Seongnam,GTX-A,X109,城南,ソンナム
0008,수서,Suseo,GTX-A,X108,水西,スソ
9001,킨텍스,Kintex,GTX-A,X102,韩国国际会展中心,キンテックス
9005,서울,Seoul,GTX-A,X106,首尔,ソウル
9004,연신내,Yeonsinnae,GTX-A,X105,延新川,ヨンシンネ
9002,대곡,Daegok,GTX-A,X103,大谷,テゴク
1511,여주,Yeoju,경강선,K420,驪州,
1502,이매,Imae,경강선,K411,二梅,
1510,세종대왕릉,Sejongdaewangneung,경강선,K419,世宗大王陵,
1512,성남,Seongnam,경강선,K410,城南,ソンナム
1505,초월,Chowol,경강선,K414,草月,
1508,이천,Icheon,경강선,K417,利川,
1503,삼동,Samdong,경강선,K412,三洞,
1506,곤지암,Gonjiam,경강선,K415,昆池岩,
1509,부발,Bubal,경강선,K418,夫鉢,
1504,경기광주,GyeonggiGwangju,경강선,K413,京畿廣州,
1501,판교,Pangyo,경강선,K409,板橋,
1507,신둔도예촌,Sindundoyechon,경강선,K416,新屯陶藝村,
1267,수색,Susaek,경의선,K317,水色,スセク
1266,디지털미디어시티,Digital Media City,경의선,K316,数码媒体城,デジタルメディアシティ
1264,홍대입구,Hongik Univ.,경의선,K314,弘益大学,ホンデイック
1263,서강대,Sogang Univ.,경의선,K313,西江大,ソガンデ
1262,공덕,Gongdeok,경의선,K312,孔德,コンドク
1261,효창공원앞,Hyochang Park,경의선,K826,孝昌公园,ヒョチャンゴンウォンアプ
1252,신촌,Sinchon,경의선,P312,新村,シンチョン
1251,서울역,Seoul Station,경의선,P313,首爾站,ソウル
1220,지평,Jipyeong,경의선,K138,砥平,チピョン
1219,용문,Yongmun,경의선,K137,龙门,ヨンムン
1218,원덕,Wondeok,경의선,K136,元德,ウォンドク
1217,양평,Yangpyeong,경의선,K135,杨平,ヤンピョン
1216,오빈,Obin,경의선,K134,梧滨,オビン
1215,아신,Asin,경의선,K133,我新,アシン
1214,국수,Guksu,경의선,K132,菊秀,クッス
1213,신원,Sinwon,경의선,K131,新院,シヌォン
1012,응봉,Eungbong,경의선,K115,鹰峰,ウンボン
1205,구리,Guri,경의선,K123,九里,クリ
1286,운천,Uncheon,경의선,K336,云泉,ウンチョン
1285,임진강,Imjingang,경의선,K337,臨津江,イムジンガン
1202,상봉,Sangbong,경의선,K120,上凤,サンボン
1284,문산,Munsan,경의선,K335,汶山,ムンサン
1283,파주,Paju,경의선,K334,坡州,パジュ
1282,월롱,Wollong,경의선,K333,月笼,ウォルロン
1280,금촌,Geumchon,경의선,K331,金村,クムチョン
1279,금릉,Geum  neung,경의선,K330,金陵,クムヌン
1278,운정,Unjeong,경의선,K329,云井,ウンジョン
1277,야당,Yadang,경의선,K328,野塘,ヤダン
1276,탄현,Tanhyeon,경의선,K327,炭岘,タンヒョン
1275,일산,Ilsan,경의선,K326,一山,イルサン
1274,풍산,Pungsan,경의선,K325,枫山,プンサン
1273,백마,Baengma,경의선,K324,白马,ペンマ
1272,곡산,Goksan,경의선,K323,谷山,コッサン
1271,능곡,Neunggok,경의선,K321,陵谷,ヌンゴク
1270,행신,Haengsin,경의선,K320,幸信,ヘンシン
1269,강매,Gangmae,경의선,K319,江梅,カンメ
1268,한국항공대,Korea Aerospace Univ.,경의선,K318,韩国航空大学,ハングクハンゴンデ
1201,중랑,Jungnang,경의선,K119,中浪,チュンナン
1008,이촌,Ichon,경의선,K111,二村,イチョン
1009,서빙고,Seobinggo,경의선,K112,西冰库,ソビンゴ
1010,한남,Hannam,경의선,K113,汉南,ハンナム
1212,양수,Yangsu,경의선,K130,兩水,ヤンス
1211,운길산,Ungilsan,경의선,K129,云吉山,ウンギルサン
1210,팔당,Paldang,경의선,K128,八堂,パルタン
1209,도심,Dosim,경의선,K127,陶深,トシム
1208,덕소,Deokso,경의선,K126,德沼,トッソ
1207,양정,Yangjeong,경의선,K125,养正,ヤンジョン
1204,양원,Yangwon,경의선,K122,养源,ヤンウォン
1014,청량리,Cheongnyangni,경의선,K117,清凉里,チョンニャンニ
1203,망우,Mangu,경의선,K121,忘忧,マンウ
1013,왕십리,Wangsimni,경의선,K116,往十里,ワンシムニ
0300,대곡,Daegok,경의선,K322,大谷,テゴク
100C,용산,Yongsan,경의선,K110,龙山,ヨンサン
1206,도농,Donong,경의선,K124,陶农,トノン
101C,회기,Hoegi,경의선,K118,回基,フェギ
1011,옥수,Oksu,경의선,K114,玉水,オッス
1265,가좌,Gajwa,경의선,K315,加佐,カジュア
1322,상천,Sangcheon,경춘선,P133,上泉,サンチョン
1312,갈매,Galmae,경춘선,P123,葛梅,カルメ
1329,춘천,Chuncheon,경춘선,P140,春川,チュンチョン
1328,남춘천,Namchuncheon,경춘선,P139,南春川,ナムチュンチョン
1327,김유정,Gimyujeong,경춘선,P138,金裕貞,キミュジョン
1326,강촌,Gangchon,경춘선,P137,江村,カンチョン
1324,굴봉산,Gulbongsan,경춘선,P135,屈峰山,クルボンサン
1323,가평,Gapyeong,경춘선,P134,加平,カピョン
1325,백양리,Baegyang-ri,경춘선,P136,白楊里,ペギャンニ
1309,상봉,Sangbong,경춘선,P120,上鳳,サンボン
1320,대성리,Daeseong-ri,경춘선,P131,大成里,テソンニ
1316,금곡,Geumgok,경춘선,P127,金谷,クムゴク
1315,사릉,Sareung,경춘선,P126,思陵,サルン
1314,퇴계원,Toegyewon,경춘선,P125,退溪院,トェゲウォン
1318,천마산,Cheonmasan,경춘선,P129,天摩山,チョンマサン
1319,마석,Maseok,경춘선,P130,磨石,マソク
1310,망우,Mangu,경춘선,P121,忘憂,マンウ
1307,회기,Hoegi,경춘선,P118,回基,フェギ
1317,평내호평,Pyeongnae  Hopyeong,경춘선,P128,坪內好坪,ピョンネホピョン
1313,별내,Byeollae,경춘선,P124,別內,ピョルネ
1321,청평,Cheongpyeong,경춘선,P132,淸平,チョンピョン
1305,광운대,Kwangwoon Univ.,경춘선,P116,光云大学,クァンウンデ
1306,청량리,Cheongnyangni,경춘선,P117,淸凉里,チョンニャンニ
1308,중랑,Jungnang,경춘선,P119,中浪,チュンナン
1311,신내,Sinnae,경춘선,P122,新內,シンネ
4201,서울역,Seoul Station,공항철도,A01,首爾站,ソウルヨク
4207,김포공항,Gimpo Intl. Airport,공항철도,A05,金浦机场,キンポゴンハン
4208,계양,Gyeyang,공항철도,A06,桂阳,ケヤン
4209,검암,Geomam,공항철도,A07,黔岩,コマム
4212,공항화물청사,Incheon Intl. Airport Cargo Terminal,공항철도,A09,机场货物厅舍,コンハンファムルチョンサ
4211,운서,Unseo,공항철도,A08,云西,ウンソ
4213,인천공항1터미널,Incheon Int’l Airport Terminal 1,공항철도,A10,仁川国际机场 1号航站楼,仁川国際空港 1ターミナル
4215,인천공항2터미널,Incheon Int’l Airport Terminal 2,공항철도,A11,仁川国际机场 2号航站楼,仁川国際空港 ２ターミナル
4204,디지털미디어시티,Digital Media City,공항철도,A04,数码媒体城,デジタルメディアシティ
4210,청라국제도시,Cheongna Int’l City Station,공항철도,A071,靑羅國際城驛,チョンナグクチェドシ
4202,공덕,Gongdeok,공항철도,A02,孔德,コンドク
4206,마곡나루,Magongnaru,공항철도,A042,麻谷渡口,マゴンナル
4203,홍대입구,Hongik Univ.,공항철도,A03,弘益大学,ホンデイック
4217,영종,Yeongjong,공항철도,A072,永宗,ヨンジョン
4929,김포공항,Gimpo Int’l Airport,김포도시철도,699,金浦机场,キンポ空港
4923,장기,Janggi,김포도시철도,693,场基,チャンギ
4922,마산,Masan,김포도시철도,692,麻山,マサン
4928,고촌,Gochon,김포도시철도,698,高村,コチョン
4924,운양,Unyang,김포도시철도,694,云阳,ウニャン
4925,걸포북변,Geolpo Bukbyeon,김포도시철도,695,杰浦北边,コルポブクビョン
4921,구래,Gurae,김포도시철도,691,九來,クレ
4920,양촌,Yangchon,김포도시철도,690,阳村,ヤンチョン
4927,풍무,Pungmu,김포도시철도,697,丰舞,プンム
4926,사우,Sau,김포도시철도,696,沙隅,サウ
1982,부천종합운동장,Bucheon Stadium,서해선,S15,富川綜合運動場,プチョンジョンハブンドンジャン
4810,시흥능곡,Siheung Neunggok,서해선,S23,始?陵谷,シフンヌンゴク
4809,시흥시청,Siheung City Hall,서해선,S22,始?市?,シフンシチョン
4808,신현,Sinhyeon,서해선,S20,新?,シンヒョン
4807,신천,Sincheon,서해선,S19,新川,シンチョン(新川)?
4806,시흥대야,Siheung Daeya,서해선,S18,始?大也,シフンデヤ
1980,김포공항,Gimpo Int'l Airport,서해선,S13,金浦空港,キンポ
104C,능곡,Neunggok,서해선,S12,陵谷,陵谷
106C,백마,Baengma,서해선,S09,白馬,白馬
108C,일산,Ilsan,서해선,S07,一山,一山
4804,소사,Sosa,서해선,S16,素砂,ソサ
4805,소새울,Sosaeul,서해선,S17,素砂屋,ソセウル
1981,원종,Wonjong,서해선,S14,遠宗,ウォンジョン
103C,대곡,Daegok,서해선,S11,大谷,大谷
4811,달미,Dalmi,서해선,S24,?美,タルミ
4812,선부,Seonbu,서해선,S25,仙府,ソンブ
4815,원시,Wonsi,서해선,S28,元?,ウォンシ
4814,시우,Siu,서해선,S27,元谷,ウォンゴク
4813,초지,Choji,서해선,S26,草芝,チョジ
105C,곡산,Goksan,서해선,S10,谷山,谷山
107C,풍산,Pungsan,서해선,S08,楓山,楓山
1863,구성,Guseong,수인분당선,K235,驹城,クソン
1023,선릉,Seolleung,수인분당선,K215,宣陵,ソンルン
1891,인천,Incheon,수인분당선,K272,仁川,インチョン
1890,신포,Sinpo,수인분당선,K271,新浦,シンポ
1889,숭의,Sungui,수인분당선,K270,崇义 ,スンイ
1885,연수,Yeonsu,수인분당선,K266,延寿,ヨンス
1884,원인재,Woninjae,수인분당선,K265,源仁斋,ウォニンジェ
1883,남동인더스파크,Namdong Induspark,수인분당선,K264,南洞产业园地,ナムドン・インドスパーク
1882,호구포,Hogupo,수인분당선,K263,虎口浦,ホグポ
1881,인천논현,Incheon Nonhyeon,수인분당선,K262,仁川论岘,インチョンノンヒョン
1880,소래포구,Soraepogu,수인분당선,K261,苏莱浦口,ソレポグ
1879,월곶,Wolgot,수인분당선,K260,月串,ウォルゴッ
1878,달월,Dalwol,수인분당선,K259,達月,タロル
1877,사리,Sari,수인분당선,K250,四里,サリ
1876,야목,Yamok,수인분당선,K249,野牧,ヤモク
1874,오목천,Omokcheon,수인분당선,K247,梧木川,オモックチョン
1873,고색,Gosaek,수인분당선,K246,古索,ゴセク
102C,왕십리,Wangsimni,수인분당선,K210,往十里,ワンシムニ
1030,수서,Suseo,수인분당선,K221,水西,スソ
1031,복정,Bokjeong,수인분당선,K222,福井,ポクチョン
1872,매교,Maegyo,수인분당선,K244,梅桥,メギョ
1871,수원시청,Suwon City Hall,수인분당선,K243,水原市厅,スウォンシチョン
1870,매탄권선,MaetanGwonseon,수인분당선,K242,梅滩,メタン
1869,망포,Mangpo,수인분당선,K241,网浦,マンポ
1867,청명,Cheongmyeong,수인분당선,K239,清明,チョンミョン
1866,상갈,Sanggal,수인분당선,K238,上葛,サンガル
1865,기흥,Giheung,수인분당선,K237,器兴,キフン
1864,신갈,Singal,수인분당선,K236,新葛,シンガル
1861,보정,Bojeong,수인분당선,K234,宝亭,ポジョン
1859,오리,Ori,수인분당선,K232,梧里,オリ
1858,미금,Migeum,수인분당선,K231,美金,ミグム
1857,정자,Jeongja,수인분당선,K230,亭子,チョンジャ
1856,수내,Sunae,수인분당선,K229,薮内,スネ
1855,서현,Seohyeon,수인분당선,K228,书岘,ソヒョン
1853,모란,Moran,수인분당선,K225,牡丹,モラン
1852,태평,Taepyeong,수인분당선,K224,太平,テピョン
1851,가천대,Gachon Univ.,수인분당선,K223,嘉泉大学,カチョンデ
1850,선정릉,Seonjeongneung,수인분당선,K214,宣靖陵,ソンジョンヌン
1849,강남구청,Gangnam-gu Office,수인분당선,K213,江南区厅,カンナムグチョン
1848,압구정로데오,Apgujeong rodeo,수인분당선,K212,狎鸥亭罗德奥,アックジョンロデオ
1847,서울숲,Seoul-forest,수인분당선,K211,首尔林,ソウルスプ
1845,청량리,Cheongnyangni,수인분당선,K209,清凉里,チョンニャンニ
1836,정왕,Jeongwang,수인분당선,K257,正往,チョンワン
1835,신길온천,Neunggil,수인분당선,K256,新吉温泉,シンギル・オンチョン
1834,안산,Ansan,수인분당선,K255,安山,アンサン
1832,고잔,Gojan,수인분당선,K253,古栈,コジャン
1800,오이도,Oido,수인분당선,K258,乌耳岛,オイド
1027,개포동,Gaepo-dong,수인분당선,K219,开浦洞,ケポドン
1026,구룡,Guryong,수인분당선,K218,九龙,クリョン
1025,도곡,Dogok,수인분당선,K217,道谷,トゴク
1024,한티,Hanti,수인분당선,K216,汉堤,ハンティ
1830,한대앞,Hanyang Univ. at Ansan,수인분당선,K251,汉阳大学,ハンデアプ
1846,수원,Suwon,수인분당선,K245,水原,スウォン
1860,이매,Imae,수인분당선,K227,二梅,イメ
1833,초지,Choji,수인분당선,K254,草芝,チョジ
1862,죽전,Jukjeon,수인분당선,K233,竹田,チュクチョン
1875,어천,Eocheon,수인분당선,K248,漁川,オチョン
1831,중앙,Jungang,수인분당선,K252,中央,チュンアン
1888,인하대,Inha Univ.,수인분당선,K269,仁荷大学 ,インハデ
1854,야탑,Yatap,수인분당선,K226,野塔,ヤタプ
1868,영통,Yeongtong,수인분당선,K240,灵通,ヨントン
1886,송도,Songdo,수인분당선,K267,松岛,ソンド
1028,대모산입구,Daemosan,수인분당선,K220,大母山,テモサンイック
4405,보라매공원,Boramae Park,신림선,S405,波拉美公园,ポラメゴンウォン
4404,보라매,Boramae,신림선,S404,波拉美,ポラメ
4409,서원,Sutgogae,신림선,S409,炭岭,スッコゲ
4408,신림,Sillim,신림선,S408,新林,シンリム
4410,서울대벤처타운,Seoul National Univ. Venture Town,신림선,S410,首尔大学创投城,ソウルデベンチャータウン
4411,관악산,Gwanaksan,신림선,S411,冠岳山,クァナクサン
4407,당곡,Danggok,신림선,S407,堂谷,タンゴク
4403,서울지방병무청,Seoul Regional Office of Military Manpower,신림선,S403,首尔地方兵务厅,ソウルジバンビョンムチョン
4406,보라매병원,Boramae MedicalCenter,신림선,S406,波拉美医院,ポラメビョンウォン
4401,샛강,Saetgang,신림선,S401,赛江,セッカン
4402,대방,Daebang,신림선,S402,大方,テバン
4309,양재시민의숲,Yangjae Citizen's Forest,신분당선,D9,良才市民之林,ヤンジェ・シミネスプ
4318,광교중앙,GwanggyoJungang,신분당선,D18,光敎中央,クァンギョジュンアン
4316,성복,Seongbok,신분당선,D16,星福,ソンボク
4315,수지구청,Suji-gu office,신분당선,D15,水枝區廳,スヅグチョン
4308,양재,Yangjae,신분당선,D8,良才,ヤンジェ
4307,강남,Gangnam,신분당선,D7,江南,カンナム
4314,동천,Dongcheon,신분당선,D14,東川,トンチョン
4319,광교,Gwanggyo,신분당선,D19,光敎,クァンギョ
4317,상현,Sanghyeon,신분당선,D17,上峴,サンヒョン
4312,정자,Jeongja,신분당선,D12,亭子,チョンジャ
4311,판교,Pangyo,신분당선,D11,板橋,パンギョ
4310,청계산입구,Cheonggyesan,신분당선,D10,淸溪山入口,チョンゲサンイック
4306,신논현,Sinnonhyeon,신분당선,D6,江南,カンナム
4304,신사,Sinsa,신분당선,D4,新沙,シンサ
4305,논현,Nonhyeon,신분당선,D5,论岘,ノンヒョン
4313,미금,Migeum,신분당선,D13,美金,ミグム
4503,지석,Jiseok,용인경전철,Y112,支石,チソク
4510,명지대,Myongji Univ.,용인경전철,Y118,明知大,ミョンジデ
4511,김량장,Gimnyangjang,용인경전철,Y119,金良場,キムニャンジャン
4512,용인중앙시장,Yongin Jungang Market,용인경전철,Y120,龙仁中央市场,ヨンインチュンアンシジャン
4513,고진,Gojin,용인경전철,Y121,古陣,コジン
4514,보평,Bopyeong,용인경전철,Y123,洑坪,ポピョン
4515,둔전,Dunjeon,용인경전철,Y125,屯田,トゥンジョン
4517,전대.에버랜드,Jeondae · Everland,용인경전철,Y126,前垈･愛寶樂園,チョンデ・エバーランド
4508,삼가,Samga,용인경전철,Y116,三街,サムガ
4506,초당,Chodang,용인경전철,Y115,草堂,チョダン
4501,기흥,Giheung,용인경전철,Y110,器興,キフン
4502,강남대,Kangnam Univ.,용인경전철,Y111,江南大学,カンナムデ
4504,어정,Eojeong,용인경전철,Y113,御井,オジョン
4505,동백,Dongbaek,용인경전철,Y114,東栢,トンベク
4509,시청.용인대,"City Hall, Yongin Univ.",용인경전철,Y117,市廳 龍仁大,"シチョン, ヨンインデ"
4711,성신여대입구,Sungshin Women`s Univ.,우이신설경전철,951,誠信女大入口,誠信女大入口
4712,보문,Bomun,우이신설경전철,952,普門,ポムン
4713,신설동,Sinseoldong,우이신설경전철,953,新 設 洞,シンソルトン
4708,솔샘,Solsaem,우이신설경전철,948,松泉,ソルセム
4703,4·19민주묘지,April 19th National Cemetery,우이신설경전철,943,四一九民主墓地,サ.イルグミンジュミョジ
4707,삼양사거리,Samyang Sageori,우이신설경전철,947,三阳十字路口,サミャンサゴリ
4702,솔밭공원,Solbat Park,우이신설경전철,942,松林公園,ソルバッコンウォン
4701,북한산우이,Bukhansan Ui,우이신설경전철,941,北漢山牛耳,プカンサンウイ
4704,가오리,Gaori,우이신설경전철,944,加五里,カオリ
4705,화계,Hwagye,우이신설경전철,945,華溪,ファゲ
4706,삼양,Samyang,우이신설경전철,946,三陽,サミャン
4709,북한산보국문,Bukhansan Bogungmun,우이신설경전철,949,北漢山輔國門,プカンサンボグンムン
4710,정릉,Jeongneung,우이신설경전철,950,貞陵,チョンヌン
4607,의정부중앙,Uijeongbu Jung-ang,의정부경전철,U117,議政府中央,ウィジョンブチュンアン
4601,발곡,Balgok,의정부경전철,U110,鉢谷,バルゴク
4602,회룡,Hoeryong,의정부경전철,U111,回龍,フェリョン
4614,송산,Songsan,의정부경전철,U124,松山,ソンサン
4603,범골,Beomgol,의정부경전철,U112,虎谷,ポムゴル
4604,경전철의정부,Lrt Uijeongbu,의정부경전철,U113,輕電鐵議政府,キョンジョンチョルウィジョンブ
4605,의정부시청,Uijeongbu City Hall,의정부경전철,U114,議政府市廳,ウィジョンブシチョン
4611,효자,hyoja,의정부경전철,U121,孝子,ヒョジャ
4612,곤제,gonjae,의정부경전철,U122,昆弟,コンジェ
4606,흥선,Heungseon,의정부경전철,U115,興宣,ホンソン
4615,탑석,Tapseok,의정부경전철,U125,塔石,タプソク
4613,어룡,eoryong,의정부경전철,U123,魚龍,オリョン
4610,경기도청북부청사,Gyeonggi Provincial Government Northern Office,의정부경전철,U120,京畿道廳北部廳舍,キョンギドチョンプップチョンサ
4609,새말,sae-mal,의정부경전철,U119,赛马,セマル
4608,동오,Dong-o,의정부경전철,U118,東梧,トンオ
3227,운연,Unyeon,인천2호선,I227,云宴,雲宴
3202,왕길,Wanggil,인천2호선,I202,旺吉,旺吉
3215,인천가좌,Incheon Gajwa,인천2호선,I215,,
3220,석바위시장,Seokbawi Market,인천2호선,I220,石岩市场,ソッバウィ市場
3206,독정,Dokjeong,인천2호선,I206,,
3222,석천사거리,Seokcheon Sageori,인천2호선,I222,石泉十字路口,石泉サゴリ
3212,가정중앙시장,Gajeong Jungang Market,인천2호선,I212,佳亭中央市场,佳亭中央市場
3214,서부여성회관,West Woman's Community Center,인천2호선,I214,,
3226,인천대공원,Incheon Grand Park,인천2호선,I226,仁川大公园,仁川大公園
3225,남동구청,Namdong-gu Office,인천2호선,I225,南洞区厅,南洞区庁
3224,만수,Mansu,인천2호선,I224,万寿,萬寿
3223,모래내시장,Moraenae Market,인천2호선,I223,沙丘市场,モレネ市場
3221,인천시청,Inchon City Hall,인천2호선,I221,仁川市厅,仁川市庁
3219,시민공원,Citizens Park,인천2호선,I219,市民公园,市民公園
3218,주안,Juan,인천2호선,I218,朱安,朱安
3217,주안국가산단,Juan National Industrial Complex,인천2호선,I217,朱安国家産团,朱安国家産団
3216,가재울,Gajaeul,인천2호선,I216,蝲蛄溪,カジェウル
3201,검단오류,Geomdan Oryu,인천2호선,I201,黔丹梧柳,黔丹梧柳
3203,검단사거리,Geomdan Sageori,인천2호선,I203,黔丹十字路口,黔丹サゴリ
3204,마전,Majeon,인천2호선,I204,麻田,麻田
3205,완정,Wanjeong,인천2호선,I205,完井,完井
3207,검암,Geomam,인천2호선,I207,黔岩,黔岩
3209,아시아드경기장,Asiad Stadium,인천2호선,I209,亚运会赛场,アジアード競技場
3210,서구청,Seo-gu Office,인천2호선,I210,西区厅,西区庁
3211,가정,Gajeong,인천2호선,I211,佳亭,佳亭
3213,석남,Seongnam,인천2호선,I213,石南,石南
3208,검바위,Geombawi,인천2호선,I208,黔石,コムバウィ
3116,작전,Jakjeon,인천선,I116,鹊田,チャクチョン
3117,갈산,Galsan,인천선,I117,葛山,カルサン
3119,부평시장,Bupyeong Market,인천선,I119,富平市場,富平市場
3120,부평,Bupyeong,인천선,I120,富平,プピョン
3121,동수,Dongsu,인천선,I121,东树,トンス
3122,부평삼거리,Bupyeongsamgeori,인천선,I122,富平丁字路口,プピョンサムゴリ
3123,간석오거리,Ganseogogeori,인천선,I123,间石五岔路口,カンソク・オゴリ
3124,인천시청,Incheon City Hall,인천선,I124,仁川市廳,インチョンシチョン
3125,예술회관,Arts Center,인천선,I125,艺术会馆,イェスルフェグァン
3127,문학경기장,Munhak Sports Complex,인천선,I127,文鹤体育场,ムンハク・キョンギジャン
3129,신연수,Sinyeonsu,인천선,I129,新延寿,シニョンス
3130,원인재,Woninjae,인천선,I130,源仁斋,ウァニンジエ
3131,동춘,Dongchun,인천선,I131,东春,トンチュン
3132,동막,Dongmak,인천선,I132,东幕,トンマク
3135,지식정보단지,BIT Zone,인천선,I135,知识信息园区,チシク・チョンボダンジ
3136,인천대입구,Incheon Nat'l Univ.,인천선,I136,仁川大学,インチョンデイック
3138,국제업무지구,Intl. Business District,인천선,I138,国际业务园区,ククチェオンムジグ
3139,송도달빛축제공원,Songdo Moonlight Festival Park,인천선,I139,松岛月光庆典公园,ソンドダルピッチュクチェゴンウォン
3109,아라,Ara,인천선,I109,北部法院·檢察廳,アラ
3108,신검단중앙,Singeomdanjungang,인천선,I108,,シンゴムダンジュンアン
3107,검단호수공원,Geomdan Lake Park,인천선,I107,黔丹湖水公園,コムダンホスゴンウォン
3137,센트럴파크,Central Park,인천선,I137,中央公园,セントラルパーク
3118,부평구청,Bupyeong-gu Office,인천선,I118,富平区厅,プピョングチョン
3126,인천터미널,Incheon Bus Terminal,인천선,I126,仁川客运站,インチョンターミナル
3134,테크노파크,Technopark,인천선,I134,科技园,テクノパーク
3133,캠퍼스타운,Campus Town,인천선,I133,大学城,キャンパスタウン
3128,선학,Seonhak,인천선,I128,仙鹤,ソンハク
3111,귤현,Gyulhyeon,인천선,I111,橘岘,キュルチョン
3110,계양,Gyeyang,인천선,I110,桂阳,ケヤン
3113,임학,Imhak,인천선,I113,林鹤,イムハク
3112,박촌,Bakchon,인천선,I112,朴村,パクチョン
3114,계산,Gyesan,인천선,I114,桂山,ケサン
3115,경인교대입구,Gyeong-in Nat`l Univ. of Education,인천선,I115,京仁教育大学,キョンインギョデイック
